{"generated_by":"cytoscape-3.2.0","format_version":"1.0","data":{"__Annotations":[],"name":"Challenge Stilingue","SUID":1,"shared_name":"Challenge Stilingue","selected":true},"elements":{"nodes":[{"data":{"shared_name":"teste 1","cytoscape_alias_list":["teste 1"],"Type":"t","Quality":90,"NodeType":"","name":"teste 1","Country":"","Synonym":"","SUID":1,"id":1,"Strength":5,"selected":false,"canonicalName":"teste 1","Milk":""},"position":{"x":4025.9853515625,"y":4025.1904296875},"selected":false},{"data":{"shared_name":"teste 10","cytoscape_alias_list":["teste 10"],"Type":"t","Quality":90,"NodeType":"","name":"teste 10","Country":"","Synonym":"","SUID":12,"id":12,"Strength":5,"selected":false,"canonicalName":"teste 10","Milk":""},"position":{"x":4050.9853515625,"y":4050.1904296875},"selected":false},{"data":{"shared_name":"teste 2","cytoscape_alias_list":["teste 2"],"Type":"t","Quality":90,"NodeType":"","name":"teste 2","Country":"","Synonym":"","SUID":2,"id":2,"Strength":5,"selected":false,"canonicalName":"teste 2","Milk":""},"position":{"x":4075.9853515625,"y":4075.1904296875},"selected":false},{"data":{"shared_name":"teste 3","cytoscape_alias_list":["teste 3"],"Type":"t","Quality":90,"NodeType":"","name":"teste 3","Country":"","Synonym":"","SUID":3,"id":3,"Strength":5,"selected":false,"canonicalName":"teste 3","Milk":""},"position":{"x":4100.9853515625,"y":4100.1904296875},"selected":false},{"data":{"shared_name":"teste 4","cytoscape_alias_list":["teste 4"],"Type":"t","Quality":90,"NodeType":"","name":"teste 4","Country":"","Synonym":"","SUID":6,"id":6,"Strength":5,"selected":false,"canonicalName":"teste 4","Milk":""},"position":{"x":4125.9853515625,"y":4125.1904296875},"selected":false},{"data":{"shared_name":"teste 5","cytoscape_alias_list":["teste 5"],"Type":"t","Quality":90,"NodeType":"","name":"teste 5","Country":"","Synonym":"","SUID":7,"id":7,"Strength":5,"selected":false,"canonicalName":"teste 5","Milk":""},"position":{"x":4150.9853515625,"y":4150.1904296875},"selected":false},{"data":{"shared_name":"teste 6","cytoscape_alias_list":["teste 6"],"Type":"t","Quality":90,"NodeType":"","name":"teste 6","Country":"","Synonym":"","SUID":8,"id":8,"Strength":5,"selected":false,"canonicalName":"teste 6","Milk":""},"position":{"x":4175.9853515625,"y":4175.1904296875},"selected":false},{"data":{"shared_name":"teste 7","cytoscape_alias_list":["teste 7"],"Type":"t","Quality":90,"NodeType":"","name":"teste 7","Country":"","Synonym":"","SUID":9,"id":9,"Strength":5,"selected":false,"canonicalName":"teste 7","Milk":""},"position":{"x":4200.9853515625,"y":4200.1904296875},"selected":false},{"data":{"shared_name":"teste 8","cytoscape_alias_list":["teste 8"],"Type":"t","Quality":90,"NodeType":"","name":"teste 8","Country":"","Synonym":"","SUID":10,"id":10,"Strength":5,"selected":false,"canonicalName":"teste 8","Milk":""},"position":{"x":4225.9853515625,"y":4225.1904296875},"selected":false},{"data":{"shared_name":"teste 9","cytoscape_alias_list":["teste 9"],"Type":"t","Quality":90,"NodeType":"","name":"teste 9","Country":"","Synonym":"","SUID":11,"id":11,"Strength":5,"selected":false,"canonicalName":"teste 9","Milk":""},"position":{"x":4250.9853515625,"y":4250.1904296875},"selected":false}],"edges":[{"data":{"shared_interaction":"cc","name":"teste 1","interaction":"cc","SUID":50000,"id":"50000","source":1,"shared_name":"teste 1","selected":false,"target":1,"canonicalName":"teste 1"},"selected":false},{"data":{"shared_interaction":"cc","name":"teste 2","interaction":"cc","SUID":50001,"id":"50001","source":1,"shared_name":"teste 2","selected":false,"target":2,"canonicalName":"teste 2"},"selected":false},{"data":{"shared_interaction":"cc","name":"teste 3","interaction":"cc","SUID":50002,"id":"50002","source":1,"shared_name":"teste 3","selected":false,"target":3,"canonicalName":"teste 3"},"selected":false},{"data":{"shared_interaction":"cc","name":"teste 9","interaction":"cc","SUID":50003,"id":"50003","source":12,"shared_name":"teste 9","selected":false,"target":11,"canonicalName":"teste 9"},"selected":false},{"data":{"shared_interaction":"cc","name":"teste 7","interaction":"cc","SUID":50004,"id":"50004","source":12,"shared_name":"teste 7","selected":false,"target":9,"canonicalName":"teste 7"},"selected":false},{"data":{"shared_interaction":"cc","name":"teste 10","interaction":"cc","SUID":50005,"id":"50005","source":12,"shared_name":"teste 10","selected":false,"target":12,"canonicalName":"teste 10"},"selected":false},{"data":{"shared_interaction":"cc","name":"teste 3","interaction":"cc","SUID":50006,"id":"50006","source":12,"shared_name":"teste 3","selected":false,"target":3,"canonicalName":"teste 3"},"selected":false},{"data":{"shared_interaction":"cc","name":"teste 4","interaction":"cc","SUID":50007,"id":"50007","source":12,"shared_name":"teste 4","selected":false,"target":6,"canonicalName":"teste 4"},"selected":false},{"data":{"shared_interaction":"cc","name":"teste 6","interaction":"cc","SUID":50008,"id":"50008","source":12,"shared_name":"teste 6","selected":false,"target":8,"canonicalName":"teste 6"},"selected":false},{"data":{"shared_interaction":"cc","name":"teste 1","interaction":"cc","SUID":50009,"id":"50009","source":2,"shared_name":"teste 1","selected":false,"target":1,"canonicalName":"teste 1"},"selected":false},{"data":{"shared_interaction":"cc","name":"teste 2","interaction":"cc","SUID":50010,"id":"50010","source":2,"shared_name":"teste 2","selected":false,"target":2,"canonicalName":"teste 2"},"selected":false},{"data":{"shared_interaction":"cc","name":"teste 3","interaction":"cc","SUID":50011,"id":"50011","source":2,"shared_name":"teste 3","selected":false,"target":3,"canonicalName":"teste 3"},"selected":false},{"data":{"shared_interaction":"cc","name":"teste 4","interaction":"cc","SUID":50012,"id":"50012","source":2,"shared_name":"teste 4","selected":false,"target":6,"canonicalName":"teste 4"},"selected":false},{"data":{"shared_interaction":"cc","name":"teste 5","interaction":"cc","SUID":50013,"id":"50013","source":3,"shared_name":"teste 5","selected":false,"target":7,"canonicalName":"teste 5"},"selected":false},{"data":{"shared_interaction":"cc","name":"teste 2","interaction":"cc","SUID":50014,"id":"50014","source":3,"shared_name":"teste 2","selected":false,"target":2,"canonicalName":"teste 2"},"selected":false},{"data":{"shared_interaction":"cc","name":"teste 3","interaction":"cc","SUID":50015,"id":"50015","source":3,"shared_name":"teste 3","selected":false,"target":3,"canonicalName":"teste 3"},"selected":false},{"data":{"shared_interaction":"cc","name":"teste 4","interaction":"cc","SUID":50016,"id":"50016","source":3,"shared_name":"teste 4","selected":false,"target":6,"canonicalName":"teste 4"},"selected":false},{"data":{"shared_interaction":"cc","name":"teste 1","interaction":"cc","SUID":50017,"id":"50017","source":6,"shared_name":"teste 1","selected":false,"target":1,"canonicalName":"teste 1"},"selected":false},{"data":{"shared_interaction":"cc","name":"teste 2","interaction":"cc","SUID":50018,"id":"50018","source":6,"shared_name":"teste 2","selected":false,"target":2,"canonicalName":"teste 2"},"selected":false},{"data":{"shared_interaction":"cc","name":"teste 3","interaction":"cc","SUID":50019,"id":"50019","source":6,"shared_name":"teste 3","selected":false,"target":3,"canonicalName":"teste 3"},"selected":false},{"data":{"shared_interaction":"cc","name":"teste 4","interaction":"cc","SUID":50020,"id":"50020","source":6,"shared_name":"teste 4","selected":false,"target":6,"canonicalName":"teste 4"},"selected":false},{"data":{"shared_interaction":"cc","name":"teste 1","interaction":"cc","SUID":50021,"id":"50021","source":7,"shared_name":"teste 1","selected":false,"target":1,"canonicalName":"teste 1"},"selected":false},{"data":{"shared_interaction":"cc","name":"teste 5","interaction":"cc","SUID":50022,"id":"50022","source":7,"shared_name":"teste 5","selected":false,"target":7,"canonicalName":"teste 5"},"selected":false},{"data":{"shared_interaction":"cc","name":"teste 3","interaction":"cc","SUID":50023,"id":"50023","source":7,"shared_name":"teste 3","selected":false,"target":3,"canonicalName":"teste 3"},"selected":false},{"data":{"shared_interaction":"cc","name":"teste 4","interaction":"cc","SUID":50024,"id":"50024","source":7,"shared_name":"teste 4","selected":false,"target":6,"canonicalName":"teste 4"},"selected":false},{"data":{"shared_interaction":"cc","name":"teste 1","interaction":"cc","SUID":50025,"id":"50025","source":8,"shared_name":"teste 1","selected":false,"target":1,"canonicalName":"teste 1"},"selected":false},{"data":{"shared_interaction":"cc","name":"teste 5","interaction":"cc","SUID":50026,"id":"50026","source":8,"shared_name":"teste 5","selected":false,"target":7,"canonicalName":"teste 5"},"selected":false},{"data":{"shared_interaction":"cc","name":"teste 6","interaction":"cc","SUID":50027,"id":"50027","source":8,"shared_name":"teste 6","selected":false,"target":8,"canonicalName":"teste 6"},"selected":false},{"data":{"shared_interaction":"cc","name":"teste 4","interaction":"cc","SUID":50028,"id":"50028","source":8,"shared_name":"teste 4","selected":false,"target":6,"canonicalName":"teste 4"},"selected":false},{"data":{"shared_interaction":"cc","name":"teste 3","interaction":"cc","SUID":50029,"id":"50029","source":9,"shared_name":"teste 3","selected":false,"target":3,"canonicalName":"teste 3"},"selected":false},{"data":{"shared_interaction":"cc","name":"teste 7","interaction":"cc","SUID":50030,"id":"50030","source":9,"shared_name":"teste 7","selected":false,"target":9,"canonicalName":"teste 7"},"selected":false},{"data":{"shared_interaction":"cc","name":"teste 6","interaction":"cc","SUID":50031,"id":"50031","source":9,"shared_name":"teste 6","selected":false,"target":8,"canonicalName":"teste 6"},"selected":false},{"data":{"shared_interaction":"cc","name":"teste 4","interaction":"cc","SUID":50032,"id":"50032","source":9,"shared_name":"teste 4","selected":false,"target":6,"canonicalName":"teste 4"},"selected":false},{"data":{"shared_interaction":"cc","name":"teste 3","interaction":"cc","SUID":50033,"id":"50033","source":10,"shared_name":"teste 3","selected":false,"target":3,"canonicalName":"teste 3"},"selected":false},{"data":{"shared_interaction":"cc","name":"teste 7","interaction":"cc","SUID":50034,"id":"50034","source":10,"shared_name":"teste 7","selected":false,"target":9,"canonicalName":"teste 7"},"selected":false},{"data":{"shared_interaction":"cc","name":"teste 8","interaction":"cc","SUID":50035,"id":"50035","source":10,"shared_name":"teste 8","selected":false,"target":10,"canonicalName":"teste 8"},"selected":false},{"data":{"shared_interaction":"cc","name":"teste 1","interaction":"cc","SUID":50036,"id":"50036","source":10,"shared_name":"teste 1","selected":false,"target":1,"canonicalName":"teste 1"},"selected":false},{"data":{"shared_interaction":"cc","name":"teste 9","interaction":"cc","SUID":50037,"id":"50037","source":11,"shared_name":"teste 9","selected":false,"target":11,"canonicalName":"teste 9"},"selected":false},{"data":{"shared_interaction":"cc","name":"teste 7","interaction":"cc","SUID":50038,"id":"50038","source":11,"shared_name":"teste 7","selected":false,"target":9,"canonicalName":"teste 7"},"selected":false},{"data":{"shared_interaction":"cc","name":"teste 5","interaction":"cc","SUID":50039,"id":"50039","source":11,"shared_name":"teste 5","selected":false,"target":7,"canonicalName":"teste 5"},"selected":false},{"data":{"shared_interaction":"cc","name":"teste 1","interaction":"cc","SUID":50040,"id":"50040","source":11,"shared_name":"teste 1","selected":false,"target":1,"canonicalName":"teste 1"},"selected":false},{"data":{"shared_interaction":"cc","name":"teste 4","interaction":"cc","SUID":50041,"id":"50041","source":11,"shared_name":"teste 4","selected":false,"target":6,"canonicalName":"teste 4"},"selected":false},{"data":{"shared_interaction":"cc","name":"teste 2","interaction":"cc","SUID":50042,"id":"50042","source":11,"shared_name":"teste 2","selected":false,"target":2,"canonicalName":"teste 2"},"selected":false}]},"target_cytoscapejs_version":"~2.1"}